<?xml version="1.0" standalone="yes" ?>

<!--Parts from the MIT Registry of Standard Biological Parts-->
<rsbpml>
<part_list>
<part>
<part_id>12105</part_id>
<part_name>BBa_K081005</part_name>
<part_short_name>K081005</part_short_name>
<part_short_desc>constitutive promoter family member and RBS</part_short_desc>
<part_type>Composite</part_type>
<part_status>Available</part_status>
<part_results>None</part_results>
<part_nickname></part_nickname>
<part_rating>1</part_rating>
<part_url>http://partsregistry.org/Part:BBa_K081005</part_url>
<part_entered>2008-10-18</part_entered>
<part_author>Lorenzo Pasotti, Paolo Magni</part_author>
<best_quality>Confirmed</best_quality>
<deep_subparts>
<subpart>
<part_id>7142</part_id>
<part_name>BBa_J23100</part_name>
<part_short_desc>constitutive promoter family member</part_short_desc>
<part_type>Regulatory</part_type>
<part_nickname></part_nickname></subpart>
<subpart>
<part_id>147</part_id>
<part_name>BBa_B0030</part_name>
<part_short_desc>RBS.1 (strong) -- modified from R. Weiss</part_short_desc>
<part_type>RBS</part_type>
<part_nickname></part_nickname></subpart></deep_subparts>
<specified_subparts>
<subpart>
<part_id>7142</part_id>
<part_name>BBa_J23100</part_name>
<part_short_desc>constitutive promoter family member</part_short_desc>
<part_type>Regulatory</part_type>
<part_nickname></part_nickname></subpart>
<subpart>
<part_id>147</part_id>
<part_name>BBa_B0030</part_name>
<part_short_desc>RBS.1 (strong) -- modified from R. Weiss</part_short_desc>
<part_type>RBS</part_type>
<part_nickname></part_nickname></subpart></specified_subparts>
<specified_subscars>
<subpart>
<part_id>7142</part_id>
<part_name>BBa_J23100</part_name>
<part_short_desc>constitutive promoter family member</part_short_desc>
<part_type>Regulatory</part_type>
<part_nickname></part_nickname></subpart>
<scar>
<scar_id>1</scar_id>
<scar_standard>10</scar_standard>
<scar_type>Scar</scar_type>
<scar_name>RFC[10]</scar_name>
<scar_nickname>[10]</scar_nickname>
<scar_comments></scar_comments>
<scar_sequence>tactagag</scar_sequence></scar>
<subpart>
<part_id>147</part_id>
<part_name>BBa_B0030</part_name>
<part_short_desc>RBS.1 (strong) -- modified from R. Weiss</part_short_desc>
<part_type>RBS</part_type>
<part_nickname></part_nickname></subpart></specified_subscars>
<sequences>
<seq_data>ttgacggctagctcagtcctaggtacagtgctagctactagagattaaagaggagaaa
</seq_data></sequences>
<features>
<feature>
<id>1981863</id>
<title>BBa_J23100</title>
<type>BioBrick</type>
<direction>reverse</direction>
<startpos>1</startpos>
<endpos>35</endpos></feature>
<feature>
<id>1981864</id>
<title>RBS-1\Strong</title>
<type>rbs</type>
<direction>forward</direction>
<startpos>44</startpos>
<endpos>58</endpos></feature>
<feature>
<id>1981865</id>
<title>BBa_B0030</title>
<type>BioBrick</type>
<direction>forward</direction>
<startpos>44</startpos>
<endpos>58</endpos></feature>
<feature>
<id>1981866</id>
<title>RBS</title>
<type>rbs</type>
<direction>forward</direction>
<startpos>51</startpos>
<endpos>55</endpos></feature></features>
<parameters>
<!-- NOTE: Currently, each parameter name can have only one value.-->
<!--This will change as we fully support the context of a parameter. RDR 4/2010 --></parameters>
<categories>
<category>///igem2008/UNIPV-Pavia/favorite</category>
<category>//plasmidbackbone/expression/constitutive</category></categories>
<twins>
<twin>BBa_K206015</twin>
<twin>BBa_K299500</twin></twins>
<samples>
<!--Samples have been turned off for now - rdr 4/2010--></samples>
<references>
<!--References are not available yet - rdr 4/2010--></references>
<groups>
<!-- Group access information is not yet available - rdr 4/2010--></groups></part></part_list></rsbpml>