<?xml version="1.0" standalone="yes" ?>

<!--Parts from the MIT Registry of Standard Biological Parts-->
<rsbpml>
<part_list>
<part>
<part_id>7039</part_id>
<part_name>BBa_J23038</part_name>
<part_short_name>J23038</part_short_name>
<part_short_desc>[Pcon][RBS]</part_short_desc>
<part_type>Composite</part_type>
<part_status>Available</part_status>
<part_results>None</part_results>
<part_nickname></part_nickname>
<part_rating></part_rating>
<part_url>http://partsregistry.org/Part:BBa_J23038</part_url>
<part_entered>2006-08-01</part_entered>
<part_author>Samantha Liang</part_author>
<best_quality>None</best_quality>
<deep_subparts>
<subpart>
<part_id>7146</part_id>
<part_name>BBa_J23104</part_name>
<part_short_desc>constitutive promoter family member</part_short_desc>
<part_type>Regulatory</part_type>
<part_nickname></part_nickname></subpart>
<subpart>
<part_id>151</part_id>
<part_name>BBa_B0034</part_name>
<part_short_desc>RBS (Elowitz 1999) -- defines RBS efficiency</part_short_desc>
<part_type>RBS</part_type>
<part_nickname></part_nickname></subpart></deep_subparts>
<specified_subparts>
<subpart>
<part_id>7146</part_id>
<part_name>BBa_J23104</part_name>
<part_short_desc>constitutive promoter family member</part_short_desc>
<part_type>Regulatory</part_type>
<part_nickname></part_nickname></subpart>
<subpart>
<part_id>151</part_id>
<part_name>BBa_B0034</part_name>
<part_short_desc>RBS (Elowitz 1999) -- defines RBS efficiency</part_short_desc>
<part_type>RBS</part_type>
<part_nickname></part_nickname></subpart></specified_subparts>
<specified_subscars>
<subpart>
<part_id>7146</part_id>
<part_name>BBa_J23104</part_name>
<part_short_desc>constitutive promoter family member</part_short_desc>
<part_type>Regulatory</part_type>
<part_nickname></part_nickname></subpart>
<scar>
<scar_id>1</scar_id>
<scar_standard>10</scar_standard>
<scar_type>Scar</scar_type>
<scar_name>RFC[10]</scar_name>
<scar_nickname>[10]</scar_nickname>
<scar_comments></scar_comments>
<scar_sequence>tactagag</scar_sequence></scar>
<subpart>
<part_id>151</part_id>
<part_name>BBa_B0034</part_name>
<part_short_desc>RBS (Elowitz 1999) -- defines RBS efficiency</part_short_desc>
<part_type>RBS</part_type>
<part_nickname></part_nickname></subpart></specified_subscars>
<sequences>
<seq_data>ttgacagctagctcagtcctaggtattgtgctagctactagagaaagaggagaaa
</seq_data></sequences>
<features>
<feature>
<id>1893629</id>
<title>BBa_J23104</title>
<type>BioBrick</type>
<direction>reverse</direction>
<startpos>1</startpos>
<endpos>35</endpos></feature>
<feature>
<id>1893631</id>
<title>BBa_B0034</title>
<type>BioBrick</type>
<direction>reverse</direction>
<startpos>44</startpos>
<endpos>55</endpos></feature>
<feature>
<id>1893630</id>
<title></title>
<type>conserved</type>
<direction>forward</direction>
<startpos>48</startpos>
<endpos>51</endpos></feature></features>
<parameters>
<!-- NOTE: Currently, each parameter name can have only one value.-->
<!--This will change as we fully support the context of a parameter. RDR 4/2010 --></parameters>
<categories>
<category>//plasmidbackbone/expression/constitutive</category>
<category>//standard/10</category></categories>
<twins>
<twin>BBa_S04589</twin>
<twin>BBa_S04590</twin>
<twin>BBa_S04591</twin>
<twin>BBa_K608002</twin></twins>
<samples>
<!--Samples have been turned off for now - rdr 4/2010--></samples>
<references>
<!--References are not available yet - rdr 4/2010--></references>
<groups>
<!-- Group access information is not yet available - rdr 4/2010--></groups></part></part_list></rsbpml>